{
  "paired_trials": 60,
  "class_balance": {
    "class_0": 30,
    "class_1": 30
  },
  "mean_paired_distance_pre": 38.76880223560556,
  "mean_paired_distance_post": 1.995810418009626,
  "distance_reduction_ratio": 0.05147980600176135,
  "canonical_correlations": [
    0.9408028239264502,
    0.9294649835502087,
    0.9101318692475285,
    0.8595568602464321,
    0.8070402652067578,
    0.7936579577564817,
    0.7529217459704187,
    0.6927460976730831,
    0.6312286982590656,
    0.5599053582477117
  ],
  "mean_canonical_correlation": 0.7877456660084139
}